id,product_name,product_category,price,currency,quantity
1,Cilantro / Coriander - Fresh,RF Shielding,202,SEK,36
2,Chips Potato Reg 43g,Plumbing & Medical Gas,922,AUD,60
3,"Juice - Apple, 500 Ml",Rebar & Wire Mesh Install,721,HRK,39
4,Pie Shell - 5,Casework,186,BGN,68
5,"Pepper - Black, Crushed",Drywall & Acoustical (FED),949,ALL,69
6,Sprouts Dikon,Overhead Doors,614,EUR,6
7,Beets - Golden,HVAC,288,CNY,57
8,Beans - Green,Marlite Panels (FED),335,EUR,96
9,"Asparagus - White, Fresh",Structural and Misc Steel (Fabrication),516,ARS,35
10,Compound - Orange,Marlite Panels (FED),117,RUB,84
11,Mix - Cocktail Ice Cream,Structural and Misc Steel (Fabrication),108,CNY,73
12,Carbonated Water - Orange,Drilled Shafts,557,EUR,49
13,"Soup - Knorr, Chicken Gumbo",Roofing (Asphalt),505,PLN,36
14,Water - San Pellegrino,Exterior Signage,577,PHP,20
15,Potatoes - Mini White 3 Oz,Granite Surfaces,431,AMD,3
16,Rolled Oats,Wall Protection,771,EUR,29
17,"Shrimp - 21/25, Peel And Deviened",Fire Sprinkler System,681,ILS,77
18,Ecolab - Hand Soap Form Antibac,Termite Control,360,PHP,18
19,"Pepsi, 355 Ml",Structural & Misc Steel Erection,577,CNY,84
20,Food Colouring - Blue,Hard Tile & Stone,682,BRL,35
21,Oil - Shortening - All - Purpose,Curb & Gutter,853,RUB,92
22,Devonshire Cream,Painting & Vinyl Wall Covering,995,NZD,3
23,"Water - Spring Water, 355 Ml",Framing (Wood),26,CNY,80
24,Yucca,Termite Control,882,PHP,95
25,Kellogs All Bran Bars,Elevator,859,CNY,70
26,"Wine - Red, Pelee Island Merlot",Site Furnishings,875,EUR,40
27,Jicama,Soft Flooring and Base,610,PLN,43
28,Whmis Spray Bottle Graduated,Overhead Doors,1000,ARS,86
29,Duck - Breast,Plumbing & Medical Gas,160,RUB,14
30,Onions - Cippolini,"Temp Fencing, Decorative Fencing and Gates",604,PHP,80
31,Garlic - Peeled,Fire Sprinkler System,107,UAH,23
32,Carbonated Water - Raspberry,Landscaping & Irrigation,494,PLN,91
33,Wasabi Powder,Marlite Panels (FED),133,PYG,4
34,"Pepper - Chipotle, Canned",Structural & Misc Steel Erection,357,IDR,6
35,Wine - Segura Viudas Aria Brut,Framing (Wood),925,IDR,90
36,Capers - Pickled,Electrical,786,EUR,24
37,Dragon Fruit,Masonry & Precast,471,NIO,59
38,Celery Root,Plumbing & Medical Gas,496,SEK,43
39,Scallop - St. Jaques,Soft Flooring and Base,192,IDR,22
40,Remy Red Berry Infusion,Prefabricated Aluminum Metal Canopies,871,IDR,2
41,Cookie - Oatmeal,Fire Sprinkler System,919,BRL,24
42,Clams - Bay,Structural and Misc Steel (Fabrication),487,RUB,39
43,Truffle Cups - Red,Waterproofing & Caulking,61,BRL,32
44,Bread - Petit Baguette,Fire Protection,906,BYR,37
45,Ham - Virginia,Overhead Doors,219,PLN,97
46,Pan Grease,Exterior Signage,787,IDR,80
47,Vodka - Smirnoff,Masonry,77,TND,64
48,"Salmon - Atlantic, No Skin",Retaining Wall and Brick Pavers,250,THB,74
49,Sauce Bbq Smokey,Asphalt Paving,391,BGN,1
50,Guinea Fowl,Rebar & Wire Mesh Install,542,ILS,14
51,Muffin Hinge 117n,Roofing (Metal),983,SEK,8
52,Wine - Ruffino Chianti,Elevator,683,BAM,43
53,Almonds Ground Blanched,Roofing (Asphalt),639,IDR,72
54,"Cheese - Havarti, Roasted Garlic",Sitework & Site Utilities,649,PHP,97
55,Gingerale - Diet - Schweppes,Electrical and Fire Alarm,209,CLP,63
56,Phyllo Dough,Hard Tile & Stone,417,PHP,28
57,Flour - All Purpose,Ornamental Railings,819,MXN,48
58,Ginsing - Fresh,Retaining Wall and Brick Pavers,147,COP,3
59,Glycerine,Casework,874,HRK,21
60,Milk - Chocolate 250 Ml,Roofing (Metal),282,MMK,34
61,"Chicken - Base, Ultimate",Plumbing & Medical Gas,450,EUR,98
62,Lamb Rack Frenched Australian,Construction Clean and Final Clean,462,PHP,21
63,Kellogs Raisan Bran Bars,EIFS,380,CNY,39
64,Lemonade - Pineapple Passion,EIFS,621,ALL,89
65,Salmon - Sockeye Raw,RF Shielding,681,CNY,26
66,Foam Espresso Cup Plain White,Structural & Misc Steel Erection,1000,TMT,85
67,Plastic Arrow Stir Stick,Hard Tile & Stone,713,CNY,39
68,Beef - Inside Round,RF Shielding,554,JPY,74
69,Mousse - Passion Fruit,Roofing (Metal),393,NOK,83
70,Appetizer - Escargot Puff,HVAC,432,RUB,18
71,Truffle Cups - Brown,Casework,61,CNY,29
72,Wine - Zinfandel Rosenblum,Asphalt Paving,563,NZD,49
73,Sage Derby,Retaining Wall and Brick Pavers,40,JPY,13
74,"Soup - Knorr, French Onion",Construction Clean and Final Clean,964,IDR,20
75,"Beans - Black Bean, Canned",Granite Surfaces,73,EUR,18
76,Wine - White Cab Sauv.on,Masonry & Precast,337,LYD,31
77,Mahi Mahi,RF Shielding,655,CNY,80
78,"Dill - Primerba, Paste",Framing (Steel),371,PLN,67
79,Island Oasis - Ice Cream Mix,Drywall & Acoustical (FED),293,CNY,12
80,Food Colouring - Red,Overhead Doors,934,BRL,84
81,Bread Roll Foccacia,Structural and Misc Steel (Fabrication),710,TJS,24
82,Vegetable - Base,Framing (Steel),188,EUR,65
83,Sugar - Splenda Sweetener,Retaining Wall and Brick Pavers,967,PHP,90
84,Potatoes - Parissienne,RF Shielding,295,CNY,30
85,Wine - Merlot Vina Carmen,Elevator,876,PHP,6
86,"Wine - White, Colubia Cresh",Electrical,957,IDR,56
87,Kellogs Special K Cereal,Drilled Shafts,624,CNY,9
88,Corn - On The Cob,Site Furnishings,914,PEN,12
89,Wine - Jafflin Bourgongone,Termite Control,444,USD,100
90,"Asparagus - White, Fresh",Masonry & Precast,546,UAH,89
91,Bread Bowl Plain,Drywall & Acoustical (FED),115,EUR,17
92,Peach - Fresh,Waterproofing & Caulking,995,EUR,43
93,Cheese - Perron Cheddar,Marlite Panels (FED),349,CNY,84
94,Versatainer Nc - 888,Marlite Panels (FED),339,CRC,3
95,Lid - 0090 Clear,Retaining Wall and Brick Pavers,498,NOK,100
96,Dragon Fruit,Sitework & Site Utilities,634,SEK,42
97,Truffle Cups Green,Casework,966,CNY,4
98,Truffle Cups - Brown,Granite Surfaces,686,IDR,72
99,Bread Ww Cluster,Epoxy Flooring,408,ILS,89
100,Wine - Sake,Overhead Doors,105,USD,15
101,Extract - Rum,Masonry & Precast,894,CLP,97
102,"Bag - Bread, White, Plain",Exterior Signage,184,PLN,90
103,V8 Pet,Waterproofing & Caulking,94,TJS,78
104,"Coconut - Shredded, Unsweet",Elevator,577,COP,34
105,Raisin - Dark,Site Furnishings,743,PEN,29
106,"Juice - Grapefruit, 341 Ml",Rebar & Wire Mesh Install,526,USD,31
107,Beer - True North Lager,Retaining Wall and Brick Pavers,50,MAD,64
108,Bread - Corn Muffaletta,Termite Control,594,RUB,1
109,Shortbread - Cookie Crumbs,Drywall & Acoustical (MOB),23,PHP,18
110,Cinnamon - Stick,RF Shielding,648,AMD,17
111,Cake - Dulce De Leche,Ornamental Railings,983,EUR,63
112,Coriander - Seed,Prefabricated Aluminum Metal Canopies,778,CNY,26
113,"Nut - Peanut, Roasted",Overhead Doors,251,CNY,69
114,Sprouts - Corn,Drywall & Acoustical (FED),256,IDR,91
115,Trueblue - Blueberry Cranberry,Marlite Panels (FED),623,MYR,43
116,"Juice - Tomato, 10 Oz",Electrical and Fire Alarm,202,EUR,43
117,Spice - Montreal Steak Spice,Prefabricated Aluminum Metal Canopies,77,THB,30
118,Wine - Chateauneuf Du Pape,Epoxy Flooring,65,EUR,77
119,Pepper - Cayenne,Fire Sprinkler System,685,EUR,83
120,Beer - Steamwhistle,"Temp Fencing, Decorative Fencing and Gates",616,PLN,26
121,Wine - Rubyport,Masonry & Precast,898,CNY,39
122,"Syrup - Monin, Swiss Choclate",Fire Sprinkler System,354,BRL,14
123,Calypso - Pineapple Passion,Granite Surfaces,797,LTL,82
124,Straw - Regular,Termite Control,837,SEK,89
125,Cake - Cake Sheet Macaroon,RF Shielding,755,EUR,77
126,Cornflakes,"Temp Fencing, Decorative Fencing and Gates",589,BRL,76
127,Teriyaki Sauce,Granite Surfaces,496,CNY,94
128,Salt - Seasoned,HVAC,987,PHP,61
129,Eggs - Extra Large,"Temp Fencing, Decorative Fencing and Gates",243,CNY,39
130,Turnip - Wax,Drywall & Acoustical (FED),387,CZK,100
131,"Pepper - Chipotle, Canned",RF Shielding,169,BRL,53
132,Island Oasis - Pina Colada,Electrical and Fire Alarm,62,IDR,64
133,Buffalo - Tenderloin,Masonry & Precast,777,EUR,77
134,Beer - Upper Canada Light,"Doors, Frames & Hardware",543,USD,22
135,Raisin - Golden,Wall Protection,808,EUR,49
136,Wine - Chardonnay South,Roofing (Asphalt),694,EUR,72
137,Artichoke - Fresh,"Temp Fencing, Decorative Fencing and Gates",220,USD,55
138,Wine - Redchard Merritt,Fire Sprinkler System,954,NGN,91
139,Tray - 16in Rnd Blk,Hard Tile & Stone,31,RUB,18
140,Table Cloth 62x114 Colour,RF Shielding,308,USD,45
141,Ham - Cooked Bayonne Tinned,Drilled Shafts,320,HTG,11
142,Pork - Shoulder,Drywall & Acoustical (MOB),391,VND,68
143,Filling - Mince Meat,Construction Clean and Final Clean,906,PLN,23
144,"Yogurt - Raspberry, 175 Gr",Landscaping & Irrigation,132,USD,64
145,"Wine - Red, Concha Y Toro",Elevator,714,EGP,48
146,Almonds Ground Blanched,Casework,884,CNY,24
147,Cookie - Oreo 100x2,Marlite Panels (FED),728,XPF,97
148,Dehydrated Kelp Kombo,Prefabricated Aluminum Metal Canopies,30,PLN,98
149,"Fish - Scallops, Cold Smoked",Retaining Wall and Brick Pavers,263,COP,11
150,Pastry - Chocolate Chip Muffin,Prefabricated Aluminum Metal Canopies,861,IDR,79
151,Pastry - Chocolate Marble Tea,Electrical,187,IDR,48
152,"Cheese - Havarti, Roasted Garlic",Masonry & Precast,878,JPY,70
153,Trout Rainbow Whole,Sitework & Site Utilities,888,GTQ,4
154,Ham - Cooked Italian,Site Furnishings,11,PHP,84
155,"Soda Water - Club Soda, 355 Ml",Landscaping & Irrigation,767,USD,54
156,Wine - Semi Dry Riesling Vineland,Glass & Glazing,449,NOK,60
157,"Ecolab - Orange Frc, Cleaner",Retaining Wall and Brick Pavers,445,CNY,19
158,Stock - Fish,Electrical,448,AZN,57
159,V8 Pet,Masonry,84,BRL,44
160,Milk - 2% 250 Ml,Landscaping & Irrigation,723,EUR,26
161,Mikes Hard Lemonade,Masonry & Precast,259,SEK,81
162,Mushroom - Portebello,Structural and Misc Steel (Fabrication),978,MXN,93
163,Shrimp - Tiger 21/25,Marlite Panels (FED),471,ZMW,92
164,Pimento - Canned,Drywall & Acoustical (MOB),709,PHP,86
165,"Shrimp - 16 - 20 Cooked, Peeled",Exterior Signage,591,CZK,51
166,Grapes - Black,Drywall & Acoustical (MOB),754,BRL,64
167,Nantucket - Kiwi Berry Cktl.,Masonry,62,JOD,62
168,Tea - Camomele,Structural & Misc Steel Erection,798,RUB,9
169,Wine - Fontanafredda Barolo,Landscaping & Irrigation,145,CNY,80
170,Spinach - Spinach Leaf,Prefabricated Aluminum Metal Canopies,762,IDR,58
171,"Marjoram - Dried, Rubbed",Electrical and Fire Alarm,641,PHP,97
172,Bagel - Whole White Sesame,Masonry & Precast,962,PLN,33
173,Juice - Lagoon Mango,Roofing (Asphalt),362,PEN,12
174,"Rosemary - Primerba, Paste",Landscaping & Irrigation,767,CNY,56
175,Godiva White Chocolate,Rebar & Wire Mesh Install,427,CZK,27
176,Cinnamon - Stick,Rebar & Wire Mesh Install,535,IRR,4
177,Eggplant Oriental,Painting & Vinyl Wall Covering,217,KRW,7
178,"Wine - Saint - Bris 2002, Sauv",RF Shielding,484,GNF,92
179,Bread - 10 Grain Parisian,Overhead Doors,54,IDR,65
180,Beans - Green,Electrical,257,XAF,1
181,Wine - Black Tower Qr,Fire Sprinkler System,851,NAD,98
182,Syrup - Monin - Passion Fruit,Termite Control,519,CZK,57
183,Soup Campbells Mexicali Tortilla,Elevator,621,CZK,25
184,Currants,Elevator,72,RSD,100
185,Wine - Masi Valpolocell,Curb & Gutter,185,CNY,19
186,Kiwi,Ornamental Railings,417,KRW,61
187,Lid Tray - 12in Dome,Overhead Doors,200,NIO,20
188,Tamarind Paste,Roofing (Metal),643,PEN,90
189,Wine - Puligny Montrachet A.,Asphalt Paving,57,CNY,92
190,"Vodka - Hot, Lnferno",Drywall & Acoustical (FED),721,IDR,89
191,Squash - Pepper,Drilled Shafts,877,USD,8
192,Shrimp - Tiger 21/25,Framing (Steel),730,PKR,38
193,"Chicken - White Meat, No Tender",Retaining Wall and Brick Pavers,96,GHS,36
194,Cheese - Parmesan Cubes,Overhead Doors,401,RUB,69
195,Apple - Royal Gala,"Doors, Frames & Hardware",644,GBP,58
196,Tart - Raisin And Pecan,Granite Surfaces,895,CNY,76
197,Muffin - Carrot Individual Wrap,Wall Protection,920,JPY,77
198,Muffin - Blueberry Individual,Asphalt Paving,884,CNY,48
199,Pears - Fiorelle,Granite Surfaces,78,PLN,58
200,Bread - Bistro Sour,Marlite Panels (FED),803,USD,11
201,Soup Campbells - Tomato Bisque,Landscaping & Irrigation,184,XOF,74
202,"Stock - Chicken, White",Masonry & Precast,811,RUB,40
203,"Soup - Campbells, Minestrone",Masonry & Precast,152,IDR,3
204,Pastry - Chocolate Chip Muffin,Asphalt Paving,903,SEK,20
205,"Flour - Bran, Red",Masonry,126,IDR,63
206,Bread - Olive,Framing (Wood),19,CNY,74
207,"Iced Tea - Lemon, 340ml",Structural & Misc Steel Erection,281,CNY,27
208,Lamb - Whole Head Off,Termite Control,105,ARS,97
209,"Cake Circle, Paprus",Casework,586,CNY,49
210,Puree - Blackcurrant,"Temp Fencing, Decorative Fencing and Gates",439,NOK,29
211,Tea - Orange Pekoe,Framing (Steel),676,JPY,34
212,"Olives - Green, Pitted",Wall Protection,849,EUR,28
213,"Rum - Coconut, Malibu",Electrical,815,SEK,62
214,Bread - Calabrese Baguette,Sitework & Site Utilities,178,BRL,42
215,Tea - Herbal Orange Spice,Construction Clean and Final Clean,575,EGP,20
216,"Seedlings - Mix, Organic",Site Furnishings,285,NGN,17
217,Compound - Strawberry,Epoxy Flooring,568,CNY,22
218,Muffin Hinge - 211n,Electrical and Fire Alarm,175,XAF,75
219,Table Cloth 72x144 White,Roofing (Metal),251,CNY,57
220,"Roe - Lump Fish, Black",Ornamental Railings,208,PHP,79
221,Sole - Fillet,Framing (Wood),990,NPR,7
222,Tuna - Bluefin,Prefabricated Aluminum Metal Canopies,893,AZN,96
223,Veal - Sweetbread,Drywall & Acoustical (FED),346,PAB,25
224,Browning Caramel Glace,Retaining Wall and Brick Pavers,979,JPY,22
225,Cardamon Ground,"Temp Fencing, Decorative Fencing and Gates",732,UAH,100
226,"Chocolate - Pistoles, White","Doors, Frames & Hardware",915,CNY,82
227,Banana Turning,Elevator,573,BDT,88
228,Radish - Pickled,Exterior Signage,738,PHP,83
229,Garbage Bags - Clear,Drywall & Acoustical (FED),756,CNY,33
230,Trueblue - Blueberry,"Temp Fencing, Decorative Fencing and Gates",581,EUR,84
231,Straw - Regular,EIFS,13,ARS,82
232,Cheese - Parmesan Grated,Electrical and Fire Alarm,380,PHP,46
233,Bread - Pain Au Liat X12,Site Furnishings,582,IDR,18
234,Table Cloth - 53x69 Colour,Curb & Gutter,473,PLN,32
235,Wine - Pinot Noir Latour,Glass & Glazing,845,PAB,42
236,Milk - 2% 250 Ml,Plumbing & Medical Gas,887,XOF,22
237,Cabbage - Green,EIFS,708,RUB,41
238,"Turkey - Breast, Bone - In",Overhead Doors,899,EUR,97
239,Rhubarb,Drilled Shafts,425,MYR,71
240,Wine - Malbec Trapiche Reserve,Drywall & Acoustical (MOB),806,JPY,26
241,Beer - Mill St Organic,"Doors, Frames & Hardware",612,PKR,78
242,Cloves - Whole,Electrical,461,USD,59
243,Goat - Leg,Waterproofing & Caulking,636,MXN,98
244,Jagermeister,Electrical,845,IDR,38
245,"Potatoes - Yukon Gold, 80 Ct",Wall Protection,904,BWP,45
246,Beer - Labatt Blue,Granite Surfaces,869,EUR,10
247,Soup Knorr Chili With Beans,RF Shielding,949,PAB,98
248,"Vermouth - Sweet, Cinzano",Electrical,235,IDR,35
249,Pastry - Baked Scones - Mini,Masonry,972,RUB,43
250,Puree - Passion Fruit,Soft Flooring and Base,671,CNY,38
251,"Pepsi - Diet, 355 Ml",EIFS,630,VEF,19
252,"Flour - Bran, Red",Landscaping & Irrigation,69,USD,58
253,Cheese - Pont Couvert,"Temp Fencing, Decorative Fencing and Gates",741,YER,49
254,Beef - Striploin Aa,Elevator,841,PHP,52
255,"Salmon - Atlantic, No Skin",Granite Surfaces,691,MXN,61
256,Mountain Dew,Fire Protection,361,VEF,85
257,Wine - Sawmill Creek Autumn,Roofing (Asphalt),668,IDR,97
258,Pails With Lids,Granite Surfaces,786,CNY,88
259,Sugar - Cubes,Soft Flooring and Base,412,COP,45
260,Soup - French Can Pea,Construction Clean and Final Clean,275,EUR,34
261,Salt - Kosher,Framing (Steel),526,CNY,89
262,"Veal - Brisket, Provimi, Bone - In",Elevator,401,CNY,47
263,Soup - Boston Clam Chowder,Roofing (Metal),888,EUR,99
264,Longos - Chicken Caeser Salad,Soft Flooring and Base,503,CNY,34
265,Sugar - Invert,Granite Surfaces,45,XOF,40
266,Cookie Dough - Chunky,Fire Protection,984,BRL,69
267,Croissants Thaw And Serve,Hard Tile & Stone,167,SEK,77
268,Celery,Drywall & Acoustical (MOB),594,UAH,58
269,Flour - Masa De Harina Mexican,Sitework & Site Utilities,89,EUR,49
270,Sugar - Invert,HVAC,338,IDR,55
271,Pepper - Scotch Bonnet,Construction Clean and Final Clean,334,NOK,96
272,Calypso - Pineapple Passion,Plumbing & Medical Gas,905,CNY,86
273,Juice - Prune,Structural and Misc Steel (Fabrication),305,GBP,8
274,"Oregano - Dry, Rubbed",Granite Surfaces,974,CNY,76
275,Extract - Raspberry,Masonry & Precast,724,PHP,2
276,"Lid - 10,12,16 Oz",Waterproofing & Caulking,289,JPY,31
277,Food Colouring - Orange,Construction Clean and Final Clean,181,SEK,70
278,Compound - Mocha,Retaining Wall and Brick Pavers,955,NGN,46
279,Wine - Zinfandel Rosenblum,Curb & Gutter,875,CNY,42
280,Vinegar - White,Structural & Misc Steel Erection,73,CZK,70
281,Bamboo Shoots - Sliced,Structural and Misc Steel (Fabrication),500,UZS,82
282,Muffin Batt - Carrot Spice,Marlite Panels (FED),501,HTG,44
283,Appetizer - Cheese Bites,Elevator,49,KZT,68
284,Beer - Blue,Curb & Gutter,648,CNY,84
285,Island Oasis - Pina Colada,Electrical and Fire Alarm,976,KZT,71
286,Mushroom - Porcini Frozen,Overhead Doors,527,BRL,100
287,Beets - Golden,Masonry & Precast,489,IDR,22
288,"Lamb - Leg, Boneless",Granite Surfaces,413,PHP,70
289,Vinegar - White Wine,Drilled Shafts,63,CNY,28
290,"Wine - White, Ej",Waterproofing & Caulking,949,CNY,83
291,Broom - Angled,Structural and Misc Steel (Fabrication),86,EUR,8
292,Devonshire Cream,Masonry & Precast,343,PLN,21
293,Kumquat,Electrical and Fire Alarm,994,CNY,86
294,Wiberg Super Cure,Epoxy Flooring,605,BRL,37
295,Wine - Champagne Brut Veuve,Waterproofing & Caulking,938,JPY,33
296,"Rum - Coconut, Malibu",Retaining Wall and Brick Pavers,757,CNY,42
297,Crab - Meat Combo,Roofing (Metal),862,USD,45
298,Bar Mix - Lime,Drywall & Acoustical (FED),664,ARS,34
299,Beans - Wax,HVAC,156,EUR,89
300,Teriyaki Sauce,Fire Protection,514,CNY,59
301,Wine - Pinot Noir Pond Haddock,Sitework & Site Utilities,286,SEK,85
302,Aspic - Clear,Glass & Glazing,270,ARS,40
303,Mustard - Dijon,Drilled Shafts,326,CNY,12
304,Longos - Grilled Veg Sandwiches,Termite Control,259,SEK,68
305,"Pork - Sausage, Medium",Drywall & Acoustical (MOB),201,USD,6
306,"Yogurt - Raspberry, 175 Gr",Roofing (Metal),149,CNY,89
307,Liners - Baking Cups,Electrical and Fire Alarm,716,CNY,72
308,Mayonnaise,Fire Sprinkler System,492,CNY,1
309,Bread - Italian Roll With Herbs,Granite Surfaces,991,UAH,39
310,Wine - Clavet Saint Emilion,Framing (Steel),716,SEK,43
311,Basil - Pesto Sauce,Exterior Signage,467,RUB,62
312,Muskox - French Rack,Electrical and Fire Alarm,574,EUR,23
313,Cream - 10%,Fire Protection,522,USD,80
314,Salt - Kosher,Termite Control,864,NGN,16
315,Yokaline,Landscaping & Irrigation,473,RUB,56
316,Wine - Ruffino Chianti Classico,Structural and Misc Steel (Fabrication),141,IDR,25
317,Garbage Bags - Black,Structural and Misc Steel (Fabrication),140,CAD,45
318,Lettuce - Iceberg,Exterior Signage,975,HRK,19
319,"Dill - Primerba, Paste",HVAC,849,EUR,39
320,"Capon - Breast, Wing On",Fire Protection,677,EUR,64
321,Lettuce - Arugula,Sitework & Site Utilities,633,USD,94
322,Puree - Guava,Electrical,12,CRC,41
323,Sherbet - Raspberry,Hard Tile & Stone,591,COP,47
324,Vinegar - Sherry,Waterproofing & Caulking,774,NGN,9
325,"Wine - Red, Cabernet Sauvignon",Fire Protection,122,JPY,53
326,Potatoes - Peeled,"Doors, Frames & Hardware",971,SEK,38
327,Sauce Tomato Pouch,Electrical,549,KES,3
328,Capers - Ox Eye Daisy,Overhead Doors,883,CNY,23
329,Towel Dispenser,Site Furnishings,143,CZK,98
330,"Turkey - Whole, Fresh",Prefabricated Aluminum Metal Canopies,255,XAF,100
331,"Tomatoes - Vine Ripe, Yellow",Fire Protection,186,CNY,69
332,Wine - Hardys Bankside Shiraz,Structural and Misc Steel (Fabrication),51,RUB,84
333,Filter - Coffee,Prefabricated Aluminum Metal Canopies,406,IDR,2
334,"Red Snapper - Fresh, Whole",Elevator,396,CNY,41
335,Juice - Apple Cider,Soft Flooring and Base,533,XOF,76
336,Pepper - Sorrano,Framing (Steel),27,USD,92
337,Yucca,Landscaping & Irrigation,18,IDR,51
338,"Juice - Apple, 500 Ml",Framing (Wood),314,COP,6
339,Amarula Cream,Ornamental Railings,336,EUR,89
340,Beans - Fava Fresh,Termite Control,582,IDR,1
341,"Wine - White, Lindemans Bin 95",Termite Control,661,CNY,16
342,"Wine - White, Cooking",Fire Sprinkler System,254,ARS,25
343,Oneshot Automatic Soap System,Roofing (Metal),435,EUR,93
344,Crackers - Water,Epoxy Flooring,131,IDR,58
345,Aspic - Clear,Ornamental Railings,367,PLN,80
346,Cheese - Mozzarella,Structural & Misc Steel Erection,903,RUB,82
347,Bread - English Muffin,Retaining Wall and Brick Pavers,370,EUR,4
348,"Lemonade - Island Tea, 591 Ml",Wall Protection,678,PEN,3
349,"Turkey - Breast, Double",Structural and Misc Steel (Fabrication),643,SEK,35
350,Tobasco Sauce,Framing (Wood),247,BAM,33
351,Hog / Sausage Casing - Pork,Overhead Doors,116,RUB,40
352,Longos - Lasagna Veg,Fire Protection,859,CNY,16
353,Tea - Mint,Asphalt Paving,286,PEN,84
354,Bag Stand,Wall Protection,901,CNY,43
355,"Bread - Roll, Soft White Round",Exterior Signage,121,PHP,87
356,Cinnamon Rolls,Wall Protection,420,CNY,67
357,Broom - Corn,EIFS,445,IDR,92
358,"Vermouth - White, Cinzano",Framing (Steel),734,VND,35
359,Petite Baguette,Landscaping & Irrigation,158,RUB,29
360,"Wine - White, Concha Y Toro",EIFS,37,MXN,17
361,Jello - Assorted,RF Shielding,129,RUB,86
362,Table Cloth 53x53 White,Elevator,236,EUR,77
363,Snapple - Mango Maddness,Rebar & Wire Mesh Install,183,NZD,53
364,Wine - Dubouef Macon - Villages,Ornamental Railings,84,IDR,80
365,Bacardi Mojito,Framing (Steel),604,ZMW,5
366,Flax Seed,Marlite Panels (FED),599,RUB,87
367,Raisin - Dark,Granite Surfaces,514,RUB,73
368,Beer - Paulaner Hefeweisse,Ornamental Railings,107,EUR,23
369,Celery Root,Landscaping & Irrigation,241,EUR,85
370,Cake Slab,Masonry & Precast,979,PLN,75
371,"Soup - Cream Of Broccoli, Dry",Masonry & Precast,185,CNY,79
372,"Seedlings - Buckwheat, Organic",Termite Control,498,CZK,38
373,Chicken - Bones,Painting & Vinyl Wall Covering,546,EUR,97
374,Peppercorns - Pink,Drywall & Acoustical (MOB),49,IDR,36
375,Shrimp - 100 / 200 Cold Water,Glass & Glazing,758,EUR,100
376,Bread - English Muffin,Curb & Gutter,308,EUR,17
377,Wine - Pinot Noir Mondavi Coastal,Rebar & Wire Mesh Install,790,CAD,57
378,Nantucket Pine Orangebanana,Sitework & Site Utilities,134,IDR,97
379,Muffin - Mix - Strawberry Rhubarb,EIFS,792,EUR,46
380,"Beans - Turtle, Black, Dry",Overhead Doors,289,CNY,49
381,Egg Patty Fried,Granite Surfaces,533,COP,35
382,Cheese - Parmesan Grated,Masonry,478,USD,56
383,White Baguette,Masonry & Precast,402,COP,42
384,Compound - Pear,Roofing (Asphalt),619,BRL,93
385,Spice - Onion Powder Granulated,Drywall & Acoustical (FED),727,RUB,24
386,Wine - Carmenere Casillero Del,HVAC,239,ARS,9
387,Beef Cheek Fresh,Structural & Misc Steel Erection,499,CLP,8
388,Oven Mitts 17 Inch,Plumbing & Medical Gas,932,CNY,13
389,Wild Boar - Tenderloin,Wall Protection,308,MKD,10
390,Mahi Mahi,Glass & Glazing,108,RUB,61
391,Potatoes - Yukon Gold 5 Oz,Fire Protection,735,XAF,2
392,Pork - Liver,Retaining Wall and Brick Pavers,310,USD,100
393,Muffin Mix - Carrot,Plumbing & Medical Gas,39,ILS,21
394,Apple - Custard,"Doors, Frames & Hardware",271,UAH,32
395,Bread - French Baquette,Drywall & Acoustical (FED),173,CNY,29
396,Chips Potato All Dressed - 43g,"Doors, Frames & Hardware",45,PHP,72
397,Tea - Herbal Orange Spice,Overhead Doors,829,CNY,42
398,Wine - Red Oakridge Merlot,"Doors, Frames & Hardware",540,CNY,97
399,Bread - 10 Grain Parisian,Electrical,860,UAH,40
400,"Onions - Dried, Chopped",Structural & Misc Steel Erection,363,NAD,22
401,Peas - Frozen,Drywall & Acoustical (MOB),116,UAH,17
402,"Sauce - Apple, Unsweetened",Marlite Panels (FED),734,PHP,35
403,Macaroons - Two Bite Choc,Masonry,206,IDR,2
404,Bag Clear 10 Lb,Roofing (Asphalt),492,LAK,58
405,Extract - Almond,Ornamental Railings,258,GBP,14
406,Lettuce - Lolla Rosa,EIFS,319,XOF,88
407,Pastry - Chocolate Chip Muffin,Masonry,80,CNY,75
408,Wine - Valpolicella Masi,Roofing (Asphalt),825,EUR,15
409,Venison - Denver Leg Boneless,Painting & Vinyl Wall Covering,345,MKD,67
410,"Soup - Knorr, Veg / Beef",Termite Control,837,CZK,82
411,Cheese - Sheep Milk,Roofing (Metal),289,CNY,39
412,Beans - Fine,Masonry & Precast,214,PLN,8
413,Bar - Granola Trail Mix Fruit Nut,Overhead Doors,258,IDR,72
414,Bread - 10 Grain,Electrical and Fire Alarm,500,IDR,74
415,"Tomatoes - Diced, Canned",Structural and Misc Steel (Fabrication),156,EUR,85
416,Ecolab - Balanced Fusion,Drywall & Acoustical (FED),617,EUR,41
417,Olives - Morracan Dired,Drywall & Acoustical (MOB),965,EGP,13
418,Snapple - Iced Tea Peach,Painting & Vinyl Wall Covering,868,BYR,52
419,Pastry - Choclate Baked,Structural and Misc Steel (Fabrication),91,EUR,1
420,"Sauce - Soya, Dark","Temp Fencing, Decorative Fencing and Gates",555,PHP,48
421,Salmon - Canned,Marlite Panels (FED),735,RUB,45
422,Pasta - Ravioli,Landscaping & Irrigation,456,BRL,88
423,Yogurt - Assorted Pack,Exterior Signage,165,IDR,50
424,Mcgillicuddy Vanilla Schnap,Drywall & Acoustical (FED),107,ZAR,30
425,"Veal - Insides, Grains",Drilled Shafts,70,EUR,74
426,Pastry - Apple Large,Casework,407,BRL,7
427,"Lobster - Tail, 3 - 4 Oz",HVAC,420,CNY,16
428,"Sauce - White, Mix","Temp Fencing, Decorative Fencing and Gates",18,CNY,66
429,"Cheese - Brie,danish","Doors, Frames & Hardware",135,BND,4
430,Bar Special K,Rebar & Wire Mesh Install,48,HRK,98
431,Petite Baguette,Drywall & Acoustical (MOB),124,CNY,15
432,Fudge - Chocolate Fudge,Electrical and Fire Alarm,315,PLN,96
433,"Coffee - Beans, Whole",Structural and Misc Steel (Fabrication),478,ALL,93
434,"Pork - Back, Long Cut, Boneless",Marlite Panels (FED),720,USD,28
435,Beef - Top Sirloin - Aaa,Roofing (Metal),964,CNY,33
436,Oysters - Smoked,Fire Sprinkler System,919,EUR,31
437,Arizona - Green Tea,Framing (Wood),991,IDR,45
438,"Red Snapper - Fresh, Whole",Soft Flooring and Base,643,PLN,73
439,Alize Red Passion,Masonry,147,GTQ,34
440,"Pasta - Penne, Lisce, Dry",Overhead Doors,908,CNY,51
441,"Juice - Tomato, 48 Oz",Ornamental Railings,172,CNY,53
442,Chips - Potato Jalapeno,"Temp Fencing, Decorative Fencing and Gates",527,RUB,12
443,Broom - Angled,Plumbing & Medical Gas,995,PHP,63
444,Tomatoes - Orange,Soft Flooring and Base,499,CNY,96
445,Wine - Maipo Valle Cabernet,Epoxy Flooring,536,BRL,8
446,Sugar - Crumb,EIFS,992,CNY,50
447,"Nut - Pecan, Pieces",Granite Surfaces,335,EUR,92
448,"Chocolate - Pistoles, White",Epoxy Flooring,640,CNY,53
449,"Tomatoes - Vine Ripe, Red",Soft Flooring and Base,427,EUR,50
450,Appetizer - Shrimp Puff,Masonry,352,VND,18
451,Dried Figs,Framing (Steel),932,CNY,73
452,Shrimp - Black Tiger 26/30,Retaining Wall and Brick Pavers,287,YER,81
453,"Cheese - Romano, Grated",Soft Flooring and Base,662,BSD,94
454,The Pop Shoppe Pinapple,Retaining Wall and Brick Pavers,619,USD,74
455,"Sauce - Black Current, Dry Mix",Drilled Shafts,397,CNY,41
456,Truffle Cups - White Paper,Overhead Doors,247,CZK,80
457,Island Oasis - Strawberry,HVAC,741,UAH,12
458,Horseradish - Prepared,Wall Protection,633,IDR,19
459,Oven Mitts - 15 Inch,Roofing (Metal),106,XAF,31
460,"Bread - Roll, Soft White Round",Curb & Gutter,701,EUR,83
461,Meldea Green Tea Liquor,Epoxy Flooring,934,CNY,92
462,Lettuce - California Mix,Drywall & Acoustical (MOB),950,EUR,37
463,Flavouring - Raspberry,Drywall & Acoustical (MOB),799,CNY,48
464,Filo Dough,Marlite Panels (FED),894,MNT,28
465,Bread - Corn Muffaletta,Construction Clean and Final Clean,477,CNY,95
466,Long Island Ice Tea,Termite Control,956,GTQ,61
467,Chick Peas - Dried,Ornamental Railings,510,CNY,99
468,Sauce - Hoisin,Site Furnishings,625,HRK,24
469,"Vermouth - White, Cinzano",Waterproofing & Caulking,71,SEK,76
470,Cactus Pads,Overhead Doors,59,EUR,93
471,"Beets - Candy Cane, Organic",Granite Surfaces,226,NOK,76
472,Potato - Sweet,Rebar & Wire Mesh Install,779,IDR,45
473,Soup - French Onion,Fire Sprinkler System,25,PEN,61
474,Bread - White Mini Epi,Landscaping & Irrigation,891,CNY,37
475,"Wine - Red, Mosaic Zweigelt",Elevator,990,EUR,86
476,Artichokes - Jerusalem,Marlite Panels (FED),411,CNY,85
477,Sauce - Demi Glace,Drywall & Acoustical (FED),869,USD,36
478,Wine - Ruffino Chianti Classico,Landscaping & Irrigation,98,BRL,43
479,Dikon,Exterior Signage,961,IDR,50
480,"Wine - Red, Mosaic Zweigelt",Site Furnishings,476,NOK,14
481,Butcher Twine 4r,Drilled Shafts,955,IDR,4
482,Thyme - Dried,Roofing (Asphalt),148,EUR,92
483,Wine - Valpolicella Masi,Site Furnishings,382,BRL,46
484,Tumeric,Masonry & Precast,910,CNY,11
485,Coconut Milk - Unsweetened,Drywall & Acoustical (MOB),742,ILS,65
486,Flower - Leather Leaf Fern,Landscaping & Irrigation,667,HNL,87
487,Beef - Top Sirloin - Aaa,Fire Sprinkler System,46,IDR,3
488,Cheese - Parmigiano Reggiano,Elevator,910,PEN,90
489,Bread - 10 Grain Parisian,Wall Protection,471,CNY,49
490,Wakami Seaweed,Soft Flooring and Base,572,CNY,88
491,"Cup - 6oz, Foam",Electrical and Fire Alarm,170,SEK,97
492,Extract Vanilla Pure,Fire Sprinkler System,500,VEF,94
493,Bread - Corn Muffaletta,Electrical,746,CNY,56
494,Puree - Kiwi,Framing (Steel),510,XAF,52
495,Anchovy In Oil,Landscaping & Irrigation,221,IDR,7
496,Gelatine Powder,Exterior Signage,600,IDR,30
497,"Pasta - Detalini, White, Fresh",Elevator,415,CNY,59
498,Juice - Prune,Structural and Misc Steel (Fabrication),198,RUB,24
499,Beef - Ground Medium,Electrical and Fire Alarm,899,ARS,85
500,Nantucket - Pomegranate Pear,"Doors, Frames & Hardware",269,EUR,28
501,Flour - Chickpea,Retaining Wall and Brick Pavers,38,CNY,76
502,Plate Pie Foil,Glass & Glazing,778,IDR,62
503,"Lettuce - Romaine, Heart",Painting & Vinyl Wall Covering,906,ARS,57
504,Ecolab Silver Fusion,Prefabricated Aluminum Metal Canopies,306,CNY,3
505,Food Colouring - Pink,Roofing (Asphalt),693,MAD,47
506,"Oil - Food, Lacquer Spray",Termite Control,855,PHP,18
507,"Soup - Knorr, Chicken Gumbo",Painting & Vinyl Wall Covering,949,EUR,25
508,Glaze - Apricot,Hard Tile & Stone,789,USD,10
509,Coffee - Egg Nog Capuccino,Exterior Signage,12,HRK,62
510,Wine - Champagne Brut Veuve,Electrical,893,CNY,65
511,"Cheese - Cheddar, Medium",Waterproofing & Caulking,242,HRK,18
512,Container - Foam Dixie 12 Oz,Waterproofing & Caulking,83,RUB,66
513,The Pop Shoppe - Cream Soda,Framing (Steel),692,THB,55
514,"Split Peas - Yellow, Dry",Site Furnishings,229,BBD,84
515,Compound - Raspberry,Roofing (Metal),81,CZK,36
516,Longos - Lasagna Veg,Soft Flooring and Base,841,MXN,5
517,"Lobster - Baby, Boiled",Masonry & Precast,299,MYR,39
518,Gelatine Leaves - Envelopes,Electrical and Fire Alarm,38,PEN,75
519,Jam - Apricot,Framing (Wood),251,IDR,49
520,"Soup - Cream Of Broccoli, Dry",Termite Control,617,CNY,77
521,Oil - Olive Bertolli,Drywall & Acoustical (MOB),356,RUB,89
522,Ham - Cooked Bayonne Tinned,Hard Tile & Stone,736,LTL,73
523,Bread - Raisin Walnut Oval,Structural and Misc Steel (Fabrication),72,PHP,77
524,Vodka - Smirnoff,Site Furnishings,640,RUB,91
525,Arizona - Plum Green Tea,Masonry & Precast,735,CNY,92
526,Cookie Dough - Oatmeal Rasin,Fire Sprinkler System,488,CNY,13
527,Thyme - Fresh,Curb & Gutter,657,CNY,45
528,Cookie - Dough Variety,Ornamental Railings,825,RUB,94
529,Paste - Black Olive,Glass & Glazing,238,IDR,38
530,Wine - Saint Emilion Calvet,Plumbing & Medical Gas,911,PLN,37
531,"Chocolate - Semi Sweet, Calets",Construction Clean and Final Clean,71,IQD,98
532,Chicken - Tenderloin,Overhead Doors,509,EUR,98
533,Mikes Hard Lemonade,Ornamental Railings,727,COP,80
534,Soup Campbells - Italian Wedding,Framing (Wood),855,RUB,39
535,Appetizer - Sausage Rolls,Glass & Glazing,500,ARS,5
536,Beef - Diced,Hard Tile & Stone,988,ZAR,47
537,Sage - Fresh,Plumbing & Medical Gas,816,ARS,80
538,Flour - Bread,Roofing (Asphalt),640,IDR,85
539,Bar Mix - Lime,Termite Control,190,RSD,42
540,Energy Drink - Franks Original,RF Shielding,436,EUR,94
541,Pernod,Marlite Panels (FED),112,IDR,65
542,Bread - White Epi Baguette,Site Furnishings,394,ARS,35
543,Chocolate - Sugar Free Semi Choc,Structural & Misc Steel Erection,292,KZT,13
544,Coffee - Hazelnut Cream,Electrical and Fire Alarm,156,CNY,35
545,Turkey - Ground. Lean,Wall Protection,950,IDR,29
546,Table Cloth 54x54 Colour,Electrical,416,CNY,21
547,"Soup - Knorr, Ministrone",Painting & Vinyl Wall Covering,876,CNY,86
548,Sour Puss Sour Apple,Sitework & Site Utilities,86,PLN,64
549,Coffee - Cafe Moreno,Wall Protection,858,CNY,68
550,Wine - Marlbourough Sauv Blanc,Epoxy Flooring,354,KES,14
551,"Juice - Apple, 341 Ml",Termite Control,737,BYR,63
552,Green Scrubbie Pad H.duty,Soft Flooring and Base,399,RUB,37
553,Muffin Hinge 117n,Drywall & Acoustical (FED),710,ZAR,77
554,Milk - Chocolate 250 Ml,Wall Protection,16,COP,78
555,Appetizer - Assorted Box,Casework,163,AMD,90
556,Chocolate - Semi Sweet,Framing (Wood),968,CNY,54
557,Towels - Paper / Kraft,Structural and Misc Steel (Fabrication),452,IDR,20
558,Sauce - Thousand Island,Retaining Wall and Brick Pavers,708,CAD,36
559,Pepper - Pablano,Roofing (Asphalt),805,EUR,82
560,Pork - Back Ribs,Ornamental Railings,946,IDR,67
561,Yeast Dry - Fermipan,Ornamental Railings,872,IDR,39
562,Sauce - Rosee,Wall Protection,115,CNY,70
563,Yoplait Drink,Sitework & Site Utilities,196,UAH,88
564,Scrubbie - Scotchbrite Hand Pad,Rebar & Wire Mesh Install,36,CNY,75
565,Beer - Camerons Cream Ale,Granite Surfaces,155,JPY,70
566,Cranberry Foccacia,Curb & Gutter,913,EUR,56
567,"Bag - Bread, White, Plain",Elevator,517,CNY,45
568,Tarragon - Fresh,Drywall & Acoustical (FED),384,CNY,43
569,Dip - Tapenade,Structural & Misc Steel Erection,822,CNY,75
570,Soup - French Can Pea,Overhead Doors,415,CNY,46
571,Snapple Lemon Tea,Landscaping & Irrigation,665,BGN,19
572,Silicone Paper 16.5x24,Site Furnishings,177,RUB,27
573,"Garlic - Primerba, Paste",Curb & Gutter,55,THB,51
574,Cleaner - Comet,Framing (Steel),815,CAD,76
575,Veal - Osso Bucco,Painting & Vinyl Wall Covering,536,BTN,94
576,Burger Veggie,Waterproofing & Caulking,765,IDR,61
577,Wine - Rubyport,"Temp Fencing, Decorative Fencing and Gates",91,IDR,45
578,Turkey - Oven Roast Breast,Structural and Misc Steel (Fabrication),494,RUB,54
579,Tea - Herbal Orange Spice,Glass & Glazing,203,SEK,98
580,Ecolab - Ster Bac,Waterproofing & Caulking,789,VND,85
581,Grand Marnier,Hard Tile & Stone,854,JPY,80
582,Soup - Campbells - Tomato,Roofing (Asphalt),606,SEK,48
583,Lid - 3oz Med Rec,Framing (Steel),541,IDR,24
584,"Pasta - Bauletti, Chicken White",Waterproofing & Caulking,207,CNY,79
585,Longos - Lasagna Beef,Structural & Misc Steel Erection,323,CZK,78
586,"Nut - Almond, Blanched, Ground",Epoxy Flooring,479,CNY,43
587,"Mushroom - Oyster, Fresh",Sitework & Site Utilities,165,MXN,33
588,Oil - Grapeseed Oil,Structural & Misc Steel Erection,261,PLN,89
589,Juice - Cranberry 284ml,Ornamental Railings,176,RUB,51
590,Beef Dry Aged Tenderloin Aaa,RF Shielding,24,EUR,46
591,Beer - Camerons Auburn,Framing (Steel),602,EUR,45
592,Cheese - Goat With Herbs,Marlite Panels (FED),654,KGS,24
593,Beer - Upper Canada Light,Electrical and Fire Alarm,933,NGN,17
594,Corn Syrup,Waterproofing & Caulking,672,THB,95
595,Beef - Tenderloin,HVAC,139,EUR,55
596,Rolled Oats,Roofing (Metal),765,YER,70
597,Pear - Packum,Construction Clean and Final Clean,168,PHP,36
598,"Ham - Smoked, Bone - In",Termite Control,132,IDR,52
599,Chocolate - Feathers,Framing (Steel),647,CNY,9
600,Tea Leaves - Oolong,"Doors, Frames & Hardware",715,JPY,91
601,"Pork - Bacon, Double Smoked",Structural and Misc Steel (Fabrication),634,PLN,50
602,"Wine - Red, Metus Rose",Structural & Misc Steel Erection,153,IDR,92
603,Wine - Delicato Merlot,"Temp Fencing, Decorative Fencing and Gates",870,CZK,97
604,Beef - Flank Steak,Prefabricated Aluminum Metal Canopies,709,CNY,72
605,Limes,Plumbing & Medical Gas,359,IDR,90
606,"Basil - Primerba, Paste",Masonry,102,RUB,37
607,Bread - Hamburger Buns,Electrical,201,PEN,95
608,Rice - Sushi,Waterproofing & Caulking,288,RUB,48
609,Bread - Ciabatta Buns,EIFS,859,PKR,59
610,Cheese - Taleggio D.o.p.,Roofing (Asphalt),426,PHP,29
611,"Asparagus - White, Canned",Glass & Glazing,702,EUR,30
612,Liqueur - Melon,Elevator,969,CNY,15
613,Cheese - Grana Padano,Curb & Gutter,211,RUB,34
614,Spice - Chili Powder Mexican,Soft Flooring and Base,181,TMT,98
615,Spice - Pepper Portions,Roofing (Metal),208,IDR,74
616,Dried Cherries,Hard Tile & Stone,401,IDR,100
617,Cabbage - Nappa,Drywall & Acoustical (FED),416,KZT,25
618,Spice - Peppercorn Melange,Elevator,485,IDR,37
619,Guava,Marlite Panels (FED),454,CNY,59
620,Cheese - Brie,Structural & Misc Steel Erection,709,EUR,67
621,Rhubarb,Granite Surfaces,43,CNY,13
622,Carbonated Water - Cherry,Elevator,524,USD,51
623,Muffin Mix - Lemon Cranberry,Construction Clean and Final Clean,615,THB,23
624,Carbonated Water - Wildberry,Asphalt Paving,915,EUR,89
625,Cinnamon Buns Sticky,Drilled Shafts,17,XAF,70
626,Pork - Inside,Drilled Shafts,950,CNY,60
627,Kohlrabi,Soft Flooring and Base,708,PLN,86
628,Honey - Liquid,Painting & Vinyl Wall Covering,793,EUR,88
629,Kiwano,Marlite Panels (FED),193,PHP,93
630,Curry Paste - Madras,Asphalt Paving,229,PHP,87
631,Capicola - Hot,Epoxy Flooring,454,PAB,12
632,"Fish - Soup Base, Bouillon",Drywall & Acoustical (MOB),225,RSD,23
633,"Veal - Chops, Split, Frenched",Plumbing & Medical Gas,392,GEL,41
634,Coffee - Dark Roast,Roofing (Asphalt),926,NGN,77
635,"Turkey - Breast, Bone - In",Masonry,197,IDR,71
636,Kiwi,Site Furnishings,177,EUR,45
637,Ecolab - Hobart Washarm End Cap,Roofing (Asphalt),373,DJF,14
638,"Wine - Red, Mouton Cadet",Fire Sprinkler System,373,MKD,54
639,"Beans - Navy, Dry",Roofing (Asphalt),163,EUR,21
640,Onions Granulated,Granite Surfaces,834,IDR,42
641,Bag Clear 10 Lb,Exterior Signage,924,BRL,84
642,Latex Rubber Gloves Size 9,Masonry & Precast,496,CUP,64
643,Energy Drink,Fire Sprinkler System,761,SDG,77
644,Tea - Apple Green Tea,Retaining Wall and Brick Pavers,287,CNY,51
645,"Split Peas - Green, Dry",Sitework & Site Utilities,730,EUR,77
646,Extract - Raspberry,Asphalt Paving,183,IRR,82
647,Juice Peach Nectar,Termite Control,600,IDR,27
648,"Wine - White, Pelee Island",Drywall & Acoustical (FED),953,CNY,2
649,Salmon - Fillets,Drywall & Acoustical (FED),954,UAH,90
650,Blouse / Shirt / Sweater,Structural & Misc Steel Erection,704,EUR,2
651,Cleaner - Lime Away,Roofing (Metal),167,BDT,50
652,Cheese - Fontina,Ornamental Railings,620,BRL,26
653,Madeira,Glass & Glazing,344,EUR,53
654,"Nut - Almond, Blanched, Ground",Asphalt Paving,635,IDR,8
655,Smirnoff Green Apple Twist,RF Shielding,122,CNY,90
656,Celery Root,Roofing (Metal),333,CNY,54
657,Kumquat,Roofing (Asphalt),425,BAM,8
658,"Appetizer - Spring Roll, Veg",HVAC,812,BRL,65
659,Towel Dispenser,Masonry & Precast,12,COP,89
660,Phyllo Dough,Roofing (Metal),919,PHP,100
661,Pastry - Baked Cinnamon Stick,Drilled Shafts,291,USD,34
662,"Roe - Lump Fish, Black",Retaining Wall and Brick Pavers,657,RWF,13
663,Wine - Mondavi Coastal Private,Prefabricated Aluminum Metal Canopies,70,JPY,84
664,Cleaner - Pine Sol,Structural and Misc Steel (Fabrication),514,THB,67
665,"Beef - Roasted, Cooked",Ornamental Railings,979,BRL,6
666,Cinnamon Rolls,Masonry & Precast,239,HNL,53
667,Cookie Choc,Framing (Steel),812,THB,65
668,Cheese - Shred Cheddar / Mozza,Retaining Wall and Brick Pavers,289,RUB,98
669,Wine - Chianti Classica Docg,Landscaping & Irrigation,873,ILS,53
670,Garam Masala Powder,Roofing (Metal),627,BRL,52
671,"Crab - Claws, Snow 16 - 24",Ornamental Railings,961,ARS,7
672,Oil - Shortening - All - Purpose,Fire Sprinkler System,762,CAD,40
673,Sour Puss - Tangerine,Electrical,696,HRK,95
674,Bread - Hamburger Buns,Painting & Vinyl Wall Covering,922,PHP,17
675,Juice - Cranberry 284ml,Retaining Wall and Brick Pavers,504,BDT,68
676,"Turnip - White, Organic",Construction Clean and Final Clean,734,IDR,6
677,Bread - Hot Dog Buns,Site Furnishings,976,IDR,42
678,Beef - Eye Of Round,Epoxy Flooring,953,CNY,89
679,"Shrimp - 16/20, Iqf, Shell On",Drywall & Acoustical (FED),457,AZN,37
680,Pork - Sausage Casing,Overhead Doors,359,CNY,19
681,Beans - French,Fire Sprinkler System,220,EUR,90
682,"Brandy - Orange, Mc Guiness",Site Furnishings,693,KRW,59
683,Wine - Placido Pinot Grigo,Retaining Wall and Brick Pavers,961,UZS,85
684,Piping Jelly - All Colours,Marlite Panels (FED),718,IDR,68
685,Steam Pan - Half Size Deep,Rebar & Wire Mesh Install,367,PHP,3
686,Straws - Cocktale,Ornamental Railings,172,BRL,64
687,"Pasta - Bauletti, Chicken White",Prefabricated Aluminum Metal Canopies,308,BYR,95
688,Mushroom Morel Fresh,Overhead Doors,95,UAH,16
689,Wild Boar - Tenderloin,Retaining Wall and Brick Pavers,21,CNY,38
690,Barley - Pearl,Soft Flooring and Base,237,PEN,38
691,Squid Ink,Landscaping & Irrigation,186,VND,62
692,Irish Cream - Butterscotch,Drilled Shafts,492,MAD,58
693,Cocktail Napkin Blue,Retaining Wall and Brick Pavers,320,RUB,6
694,Flour - Bread,Masonry & Precast,916,USD,54
695,"Pork - Butt, Boneless","Temp Fencing, Decorative Fencing and Gates",350,CNY,36
696,Beef - Ox Tongue,Fire Protection,53,RUB,22
697,"Carrots - Purple, Organic",Sitework & Site Utilities,490,PLN,17
698,Wasabi Paste,Glass & Glazing,249,CNY,48
699,Tea - Herbal I Love Lemon,Site Furnishings,797,PLN,74
700,Food Colouring - Green,Structural and Misc Steel (Fabrication),635,SEK,13
701,Chevere Logs,Ornamental Railings,956,CNY,91
702,Pastry - French Mini Assorted,Site Furnishings,259,RUB,53
703,Tequila Rose Cream Liquor,Hard Tile & Stone,583,CNY,26
704,Shrimp - 31/40,EIFS,496,IDR,1
705,"Capon - Breast, Wing On",Overhead Doors,538,RUB,46
706,"Pork - Loin, Bone - In",Masonry & Precast,617,HRK,76
707,Mussels - Frozen,Plumbing & Medical Gas,487,EUR,23
708,Puree - Mango,Plumbing & Medical Gas,831,RUB,24
709,Bols Melon Liqueur,Landscaping & Irrigation,351,RUB,16
710,Bread - Petit Baguette,Waterproofing & Caulking,715,EUR,16
711,Rappini - Andy Boy,Exterior Signage,685,EUR,10
712,"Tortillas - Flour, 8",Masonry,58,EUR,36
713,"Stock - Beef, Brown",EIFS,827,CNY,7
714,"Cheese - Havarti, Roasted Garlic",Electrical and Fire Alarm,780,CNY,70
715,Beets - Mini Golden,Wall Protection,271,IDR,77
716,Vinegar - Rice,HVAC,680,ILS,66
717,Mangostein,Asphalt Paving,481,RUB,51
718,"Club Soda - Schweppes, 355 Ml",Framing (Wood),496,JPY,77
719,French Pastries,Framing (Steel),193,CNY,59
720,Table Cloth 81x81 White,Termite Control,110,JPY,59
721,Lobster - Base,Rebar & Wire Mesh Install,684,CNY,41
722,"Oil - Olive, Extra Virgin",Glass & Glazing,127,RUB,66
723,Cardamon Ground,"Temp Fencing, Decorative Fencing and Gates",702,CNY,70
724,Sauce - Mint,Structural & Misc Steel Erection,979,EUR,99
725,Dates,EIFS,214,EUR,69
726,Spice - Chili Powder Mexican,Glass & Glazing,356,CZK,41
727,Pepper - Gypsy Pepper,Framing (Steel),147,IDR,13
728,"Placemat - Scallop, White",Drywall & Acoustical (MOB),646,EUR,26
729,"Yogurt - Peach, 175 Gr",Drilled Shafts,725,USD,4
730,Red Pepper Paste,Casework,701,EUR,14
731,Chicken - Tenderloin,Soft Flooring and Base,755,EUR,83
732,Steampan - Half Size Shallow,Construction Clean and Final Clean,592,CNY,49
733,Table Cloth 53x69 White,Termite Control,243,DOP,34
734,Meldea Green Tea Liquor,Casework,728,PEN,80
735,Beef - Eye Of Round,Electrical,119,HUF,50
736,Container - Foam Dixie 12 Oz,Granite Surfaces,164,GMD,82
737,"Veal - Tenderloin, Untrimmed",Waterproofing & Caulking,285,AOA,55
738,Chocolate - Compound Coating,Roofing (Metal),770,CNY,1
739,Venison - Ground,HVAC,969,SAR,3
740,"Brocolinni - Gaylan, Chinese",Asphalt Paving,376,PHP,99
741,Tarragon - Fresh,Roofing (Metal),232,EUR,66
742,Cakes Assorted,Landscaping & Irrigation,903,EUR,80
743,"Wine - Red, Wolf Blass, Yellow",Soft Flooring and Base,586,PLN,41
744,Banana - Green,Drywall & Acoustical (FED),712,CNY,50
745,"Stock - Veal, Brown",Framing (Wood),746,CLP,43
746,Pepper - Roasted Red,Structural & Misc Steel Erection,326,EUR,68
747,Hagen Daza - Dk Choocolate,Elevator,661,SEK,51
748,Rhubarb,HVAC,946,EUR,83
749,Dip - Tapenade,Electrical and Fire Alarm,665,CNY,24
750,Amarula Cream,Structural and Misc Steel (Fabrication),942,IDR,37
751,Sour Puss Sour Apple,Rebar & Wire Mesh Install,501,BRL,23
752,Plaintain,Electrical,394,JPY,77
753,Egg - Salad Premix,"Temp Fencing, Decorative Fencing and Gates",137,AFN,95
754,Bay Leaf Ground,Structural & Misc Steel Erection,13,VND,12
755,Wine - Saint Emilion Calvet,Electrical and Fire Alarm,950,CAD,72
756,Bread - Granary Small Pull,Asphalt Paving,151,ILS,58
757,Banana,Exterior Signage,713,RUB,58
758,Sping Loaded Cup Dispenser,Roofing (Asphalt),21,IRR,19
759,"Lemonade - Black Cherry, 591 Ml",Construction Clean and Final Clean,129,COP,73
760,Spinach - Baby,"Temp Fencing, Decorative Fencing and Gates",659,CZK,59
761,Bagel - Ched Chs Presliced,Masonry & Precast,365,IDR,17
762,Ketchup - Tomato,Painting & Vinyl Wall Covering,575,EGP,59
763,Celery,Elevator,663,IDR,36
764,Island Oasis - Wildberry,Wall Protection,71,VEF,40
765,Parsley - Dried,RF Shielding,142,CNY,10
766,Banana - Green,Painting & Vinyl Wall Covering,867,EUR,70
767,Bacardi Breezer - Strawberry,HVAC,849,PKR,36
768,Sauce - Cranberry,Hard Tile & Stone,219,BAM,71
769,"Mop Head - Cotton, 24 Oz",Framing (Steel),669,XAF,21
770,Kiwi,Structural and Misc Steel (Fabrication),894,MXN,21
771,Irish Cream - Butterscotch,Electrical and Fire Alarm,226,AFN,12
772,"Wine - Harrow Estates, Vidal",Fire Sprinkler System,465,RUB,54
773,Steam Pan - Half Size Deep,Electrical and Fire Alarm,618,IRR,48
774,Muffin - Carrot Individual Wrap,Roofing (Asphalt),736,BRL,13
775,"Lemonade - Strawberry, 591 Ml",Drywall & Acoustical (FED),750,MGA,63
776,Pizza Pizza Dough,Granite Surfaces,879,PLN,8
777,Corn Meal,Drywall & Acoustical (MOB),583,NOK,42
778,Peas Snow,Prefabricated Aluminum Metal Canopies,926,EUR,20
779,Salt - Seasoned,Overhead Doors,456,NGN,23
780,Chervil - Fresh,Fire Protection,125,THB,87
781,Fennel,RF Shielding,149,VEF,88
782,"Pasta - Rotini, Colour, Dry",HVAC,26,CNY,37
783,Cheese - Roquefort Pappillon,Elevator,120,NPR,80
784,Veal - Liver,Overhead Doors,380,BWP,82
785,Cinnamon - Ground,Fire Protection,346,ETB,41
786,Mint - Fresh,Plumbing & Medical Gas,583,XOF,68
787,Mint - Fresh,Masonry,295,NIO,79
788,Cake - Dulce De Leche,Epoxy Flooring,629,EUR,4
789,Pan Grease,Painting & Vinyl Wall Covering,30,EUR,8
790,Tilapia - Fillets,Masonry,92,BRL,47
791,Cookie - Dough Variety,Roofing (Metal),80,PHP,85
792,Saskatoon Berries - Frozen,Drywall & Acoustical (FED),278,PHP,68
793,Wine - Delicato Merlot,Elevator,437,PEN,93
794,"Octopus - Baby, Cleaned",Drywall & Acoustical (MOB),870,CNY,82
795,Sole - Fillet,Framing (Wood),281,EUR,20
796,Turnip - Wax,Ornamental Railings,62,THB,65
797,Wine - Chianti Classico Riserva,Structural and Misc Steel (Fabrication),197,BOB,71
798,"Water - Spring Water, 355 Ml",Prefabricated Aluminum Metal Canopies,111,BRL,13
799,Soup - Campbells - Tomato,RF Shielding,819,SEK,40
800,Tea - Black Currant,Elevator,503,SEK,84
801,Tomato - Plum With Basil,Sitework & Site Utilities,652,CNY,78
802,Sausage - Chorizo,Roofing (Metal),995,IQD,61
803,Molasses - Fancy,RF Shielding,617,EUR,6
804,Ice Cream - Super Sandwich,Granite Surfaces,245,LTL,7
805,"Fish - Artic Char, Cold Smoked",Ornamental Railings,459,WST,87
806,Vector Energy Bar,Framing (Wood),933,CNY,18
807,Sprouts - Corn,Fire Protection,156,EUR,11
808,Russian Prince,Exterior Signage,754,XAF,16
809,True - Vue Containers,Granite Surfaces,963,PHP,17
810,Trout - Smoked,Casework,619,MMK,76
811,Juice - V8 Splash,Ornamental Railings,217,CNY,9
812,Wine - Beaujolais Villages,Framing (Steel),497,CAD,61
813,Taro Leaves,Electrical and Fire Alarm,505,ALL,54
814,Fuji Apples,Structural and Misc Steel (Fabrication),34,ILS,31
815,Bok Choy - Baby,Fire Protection,255,PHP,71
816,Chicken - Ground,Soft Flooring and Base,460,CNY,17
817,Vodka - Smirnoff,Structural and Misc Steel (Fabrication),369,RUB,71
818,Tomato - Green,Casework,581,CZK,27
819,Clementine,Wall Protection,92,PEN,31
820,Ice Cream - Fudge Bars,EIFS,234,SYP,26
821,Potato - Sweet,Asphalt Paving,616,RUB,93
822,"Pesto - Primerba, Paste",Epoxy Flooring,890,EUR,97
823,Appetizer - Seafood Assortment,Framing (Steel),548,NGN,87
824,Muffin Carrot - Individual,Wall Protection,428,CNY,79
825,Ecolab Silver Fusion,Structural and Misc Steel (Fabrication),14,MGA,92
826,Basil - Pesto Sauce,Termite Control,606,USD,42
827,Pastry - Trippleberry Muffin - Mini,HVAC,514,PHP,54
828,Pepper - Orange,Rebar & Wire Mesh Install,668,PLN,19
829,"Nut - Almond, Blanched, Whole",Drywall & Acoustical (FED),994,MGA,89
830,"Beef - Chuck, Boneless",Site Furnishings,293,IDR,80
831,Pail With Metal Handle 16l White,Wall Protection,923,EUR,91
832,Broom - Push,HVAC,50,HRK,8
833,Poppy Seed,Fire Protection,992,MXN,21
834,Scallops - In Shell,Waterproofing & Caulking,873,CNY,24
835,Bread - French Baquette,Marlite Panels (FED),233,UYU,91
836,"Chestnuts - Whole,canned",HVAC,998,CNY,84
837,Longos - Grilled Salmon With Bbq,Soft Flooring and Base,931,SEK,38
838,"Beef - Ox Tongue, Pickled",Asphalt Paving,697,IDR,5
839,Cookie Dough - Chocolate Chip,Landscaping & Irrigation,289,CNY,2
840,Bar Nature Valley,Casework,979,PLN,98
841,"Beans - Kidney, Canned",Rebar & Wire Mesh Install,777,JPY,52
842,"Cup - 3.5oz, Foam",Rebar & Wire Mesh Install,978,IDR,4
843,Sambuca - Ramazzotti,Roofing (Asphalt),81,EUR,8
844,"Beef - Ox Tongue, Pickled",Structural & Misc Steel Erection,925,CNY,38
845,Beets - Pickled,Site Furnishings,109,VND,29
846,Water - San Pellegrino,Curb & Gutter,415,PLN,86
847,Lettuce - Radicchio,Landscaping & Irrigation,738,IDR,94
848,Beer - Molson Excel,Waterproofing & Caulking,172,RUB,74
849,Apples - Spartan,Framing (Steel),389,BRL,37
850,"Soup - Campbells, Classic Chix",Framing (Steel),103,PYG,62
851,Flavouring - Raspberry,Painting & Vinyl Wall Covering,896,RUB,63
852,Crab - Imitation Flakes,Epoxy Flooring,491,UAH,16
853,"Vermacelli - Sprinkles, Assorted",Hard Tile & Stone,147,IDR,72
854,"Halibut - Whole, Fresh",Casework,826,PHP,38
855,Versatainer Nc - 9388,Rebar & Wire Mesh Install,705,CNY,10
856,Hot Chocolate - Individual,Prefabricated Aluminum Metal Canopies,983,USD,40
857,Compound - Pear,Ornamental Railings,459,PAB,6
858,Samosa - Veg,Sitework & Site Utilities,264,CNY,8
859,"Turkey - Breast, Bone - In",Epoxy Flooring,76,IDR,2
860,Ecolab - Mikroklene 4/4 L,Structural and Misc Steel (Fabrication),459,EUR,3
861,"Carrots - Mini, Stem On",Casework,297,MXN,69
862,French Kiss Vanilla,Electrical and Fire Alarm,841,CNY,18
863,Lobak,Roofing (Metal),176,CNY,73
864,Bread - French Baquette,Fire Sprinkler System,665,SEK,32
865,Pan Grease,Fire Sprinkler System,252,TMT,7
866,Chicken - Base,Asphalt Paving,767,SEK,58
867,Wine - Chenin Blanc K.w.v.,Asphalt Paving,561,CNY,3
868,Peach - Fresh,Rebar & Wire Mesh Install,985,PHP,32
869,"Stock - Veal, White",Fire Sprinkler System,454,PLN,66
870,"Pasta - Rotini, Colour, Dry",Fire Sprinkler System,696,CNY,11
871,Strawberries,Exterior Signage,70,EUR,65
872,Juice - Lime,Drywall & Acoustical (MOB),553,CNY,22
873,Island Oasis - Wildberry,EIFS,433,KPW,23
874,Steam Pan Full Lid,Fire Protection,447,UAH,15
875,Spice - Chili Powder Mexican,"Doors, Frames & Hardware",743,EUR,89
876,Wine - Dubouef Macon - Villages,"Temp Fencing, Decorative Fencing and Gates",906,UGX,52
877,Longos - Chicken Wings,Marlite Panels (FED),94,PLN,62
878,Soup - Campbells Beef Noodle,Roofing (Asphalt),888,HRK,63
879,Mushroom - Crimini,Construction Clean and Final Clean,238,CNY,94
880,Rappini - Andy Boy,Granite Surfaces,559,MYR,7
881,Wine - Remy Pannier Rose,Waterproofing & Caulking,699,RUB,11
882,Milk - 2% 250 Ml,Termite Control,244,PLN,31
883,"Pork - Tenderloin, Fresh",Site Furnishings,722,PLN,11
884,Wine - Riesling Alsace Ac 2001,Roofing (Asphalt),704,EGP,40
885,Food Colouring - Green,Casework,910,CNY,60
886,Salt - Table,Casework,374,ZAR,54
887,"Soup - Clam Chowder, Dry Mix",Rebar & Wire Mesh Install,718,PHP,56
888,"Vermacelli - Sprinkles, Assorted",Fire Protection,964,BRL,64
889,Energy Drink - Redbull 355ml,Ornamental Railings,141,IDR,47
890,Pasta - Agnolotti - Butternut,Rebar & Wire Mesh Install,923,EUR,62
891,Onions - Red,Masonry,840,CNY,99
892,Quiche Assorted,Prefabricated Aluminum Metal Canopies,875,IDR,31
893,"Chicken - White Meat, No Tender",Roofing (Asphalt),149,SAR,52
894,Bread - Crusty Italian Poly,RF Shielding,380,RUB,11
895,Veal - Loin,Drilled Shafts,863,THB,20
896,Oil - Canola,Marlite Panels (FED),183,CNY,22
897,Veal - Heart,Roofing (Metal),984,PLN,11
898,Marjoram - Fresh,Glass & Glazing,692,EUR,14
899,Beans - Fine,Sitework & Site Utilities,736,SEK,17
900,Muskox - French Rack,Termite Control,536,NIO,43
901,Pur Value,Ornamental Railings,86,VND,33
902,Chicken - Ground,"Temp Fencing, Decorative Fencing and Gates",335,CNY,5
903,Tea - Honey Green Tea,Casework,388,CNY,47
904,Beer - Sleeman Fine Porter,Framing (Steel),632,HRK,81
905,Jack Daniels,Landscaping & Irrigation,369,CNY,94
906,"Tray - Foam, Square 4 - S",Epoxy Flooring,461,NGN,30
907,Ice Cream Bar - Oreo Cone,Waterproofing & Caulking,705,EUR,17
908,"Beef - Rib Roast, Cap On",HVAC,272,PHP,88
909,Wine - Semi Dry Riesling Vineland,Hard Tile & Stone,512,GNF,15
910,Mortadella,Hard Tile & Stone,277,CNY,86
911,Bread - Assorted Rolls,Drilled Shafts,563,PEN,14
912,Bacon Strip Precooked,Glass & Glazing,402,EUR,65
913,Beef Ground Medium,Curb & Gutter,69,RUB,48
914,Kale - Red,Masonry,789,CNY,42
915,Wine - Ice Wine,Granite Surfaces,321,EUR,7
916,Cheese - Brie,Framing (Wood),559,VEF,17
917,Wine - Pinot Grigio Collavini,Structural and Misc Steel (Fabrication),927,EUR,70
918,Wine - Cotes Du Rhone,Masonry & Precast,430,CNY,42
919,Tomatoes Tear Drop Yellow,Asphalt Paving,725,IRR,29
920,Curry Paste - Madras,Marlite Panels (FED),882,IDR,19
921,Muffin Mix - Chocolate Chip,Framing (Steel),228,BRL,18
922,Gingerale - Diet - Schweppes,Construction Clean and Final Clean,510,IDR,91
923,Nut - Macadamia,Framing (Wood),643,EUR,2
924,Brandy Cherry - Mcguinness,Prefabricated Aluminum Metal Canopies,912,CZK,37
925,"Shrimp - 16 - 20 Cooked, Peeled",Electrical,874,EUR,80
926,Beer - Mill St Organic,Termite Control,595,CNY,38
927,"Doilies - 10, Paper",RF Shielding,477,EUR,83
928,"Olives - Black, Pitted",Retaining Wall and Brick Pavers,639,PLN,13
929,Wine - Cotes Du Rhone Parallele,Rebar & Wire Mesh Install,601,RUB,37
930,Croissants Thaw And Serve,Landscaping & Irrigation,617,MXN,50
931,Yoghurt Tubes,Framing (Wood),390,CNY,53
932,Chicken - Wieners,Ornamental Railings,250,MYR,47
933,Wine - Cotes Du Rhone,Plumbing & Medical Gas,359,UAH,64
934,Yokaline,Soft Flooring and Base,145,KPW,82
935,Bread - Sour Sticks With Onion,"Doors, Frames & Hardware",173,IDR,71
936,Garlic - Peeled,Electrical,523,KZT,93
937,Mix - Cocktail Strawberry Daiquiri,Overhead Doors,975,EUR,63
938,Vinegar - Balsamic,Drywall & Acoustical (FED),369,IDR,44
939,"Pasta - Bauletti, Chicken White",Electrical,519,MYR,94
940,Alize Red Passion,Sitework & Site Utilities,961,CNY,40
941,Croissants Thaw And Serve,Electrical and Fire Alarm,729,CNY,42
942,Chocolate - Dark,Wall Protection,327,COP,67
943,Sauce - Caesar Dressing,RF Shielding,800,CNY,34
944,Artichokes - Jerusalem,Termite Control,275,CNY,49
945,Dc Hikiage Hira Huba,Fire Sprinkler System,760,THB,34
946,Beef Ground Medium,Roofing (Asphalt),631,EUR,92
947,Turnip - Wax,Electrical,850,EUR,17
948,Monkfish Fresh - Skin Off,Curb & Gutter,844,CNY,87
949,Parsnip,Exterior Signage,248,ALL,83
950,Water - Spring Water 500ml,Glass & Glazing,321,RUB,37
951,Pumpkin - Seed,Masonry & Precast,403,BRL,37
952,Cake - Pancake,Casework,671,EUR,25
953,Sage - Rubbed,Waterproofing & Caulking,264,IDR,100
954,"Pepper - Julienne, Frozen",RF Shielding,664,CNY,20
955,Onions - Pearl,HVAC,295,SEK,28
956,Praline Paste,"Temp Fencing, Decorative Fencing and Gates",360,UAH,44
957,Baking Powder,Overhead Doors,981,CNY,30
958,Pate - Cognac,Electrical and Fire Alarm,866,IDR,98
959,Jameson - Irish Whiskey,Structural & Misc Steel Erection,956,IDR,76
960,Bols Melon Liqueur,Roofing (Metal),510,MXN,26
961,Fenngreek Seed,Structural & Misc Steel Erection,568,IDR,68
962,Lamb - Sausage Casings,Framing (Wood),988,CLP,76
963,Pork - Bacon Cooked Slcd,Landscaping & Irrigation,767,NZD,46
964,Steampan - Foil,Rebar & Wire Mesh Install,17,PHP,40
965,Bagelers,Site Furnishings,858,PHP,20
966,Cake - French Pear Tart,Casework,214,IDR,8
967,Thyme - Fresh,Overhead Doors,550,GEL,26
968,Pastry - Baked Scones - Mini,Marlite Panels (FED),811,CNY,45
969,Lamb Leg - Bone - In Nz,Electrical,541,THB,33
970,Wine - Fat Bastard Merlot,Fire Protection,446,BRL,39
971,Flower - Commercial Spider,Wall Protection,445,PYG,55
972,Cheese - Le Cru Du Clocher,Glass & Glazing,400,NOK,1
973,Glucose,Landscaping & Irrigation,939,LKR,52
974,Lobak,Drywall & Acoustical (MOB),918,RUB,43
975,Compound - Passion Fruit,Granite Surfaces,560,EUR,92
976,Sauce - Balsamic Viniagrette,Granite Surfaces,385,AMD,55
977,Dried Apple,Glass & Glazing,631,EUR,51
978,Gloves - Goldtouch Disposable,Roofing (Asphalt),745,EUR,73
979,Flower - Carnations,Wall Protection,72,RUB,71
980,Bread - Rosemary Focaccia,Masonry,302,CNY,79
981,Cheese Cloth,Ornamental Railings,848,JPY,12
982,"Chicken - Leg, Boneless",Glass & Glazing,373,EUR,67
983,Bagelers,Framing (Wood),377,PHP,55
984,Wine - Dubouef Macon - Villages,Ornamental Railings,293,USD,77
985,Truffle Cups Green,Asphalt Paving,604,CNY,30
986,Magnotta - Bel Paese White,HVAC,346,MKD,13
987,Wine - Fino Tio Pepe Gonzalez,"Temp Fencing, Decorative Fencing and Gates",164,NGN,100
988,Spice - Onion Powder Granulated,Hard Tile & Stone,217,KZT,77
989,Tarts Assorted,Ornamental Railings,849,CNY,29
990,Chinese Foods - Thick Noodles,Casework,620,THB,47
991,Beets - Golden,Prefabricated Aluminum Metal Canopies,905,BRL,58
992,Mousse - Mango,Construction Clean and Final Clean,418,JPY,50
993,Sandwich Wrap,Construction Clean and Final Clean,289,IDR,71
994,"Beef - Ground, Extra Lean, Fresh",Roofing (Metal),511,PKR,79
995,"Tart Shells - Savory, 4",Overhead Doors,966,CNY,45
996,Sponge Cake Mix - Vanilla,Rebar & Wire Mesh Install,836,BRL,81
997,"Cheese - Manchego, Spanish",Exterior Signage,389,EUR,47
998,Beans - Fava Fresh,Rebar & Wire Mesh Install,435,EUR,12
999,Wine - Vineland Estate Semi - Dry,Masonry & Precast,896,RUB,65
1000,Sauce - Rosee,"Doors, Frames & Hardware",267,CNY,75
